<?xml version="1.0" encoding="UTF-8"?>

<beans xmlns="http://www.springframework.org/schema/beans"
    xmlns:xsi="http://www.w3.org/2001/XMLSchema-instance"
    xmlns:context="http://www.springframework.org/schema/context"
    xsi:schemaLocation="http://www.springframework.org/schema/beans http://www.springframework.org/schema/beans/spring-beans.xsd
    http://www.springframework.org/schema/context http://www.springframework.org/schema/context/spring-context.xsd">

   <bean id="eproduct" class="com.ecommerce.entity.EProductEntity"></bean>
   
   <bean id="dao" class="com.ecommerce.dao.EProductDAO">
   	<property name="temp" ref="jdbctemp"></property>
   </bean>
   
   <bean id="jdbctemp" class="org.springframework.jdbc.core.JdbcTemplate">
   <property name="dataSource" ref="ds"></property>
   </bean>

    <bean id="ds" class="org.springframework.jdbc.datasource.DriverManagerDataSource">
   <property name="driverClassName" value="com.mysql.jdbc.Driver"></property>
  <property name="url" value="jdbc:mysql://localhost:3306/ecommerce"></property>
  <property name="username" value="root"></property>
  <property name="password" value="Meghamysql@123"></property>
   </bean>
   
   
   
   
   </beans>